Difficulty,Category,Word,Korean,Status
Seed,Jobs,singer,가수,Missing
Seed,Jobs,nurse,간호사,Missing
Seed,Jobs,soldier,군인,Missing
Seed,Jobs,farmer,농부,Missing
Seed,Vegetables,garlic,마늘,Missing
Seed,Vehicles,stroller,유모차,Missing
Seed,Action_Behavior,go,가,Missing
Seed,Action_Behavior,point,가리켜,Missing
Seed,Action_Behavior,walk,걷다,Missing
Seed,Action_Behavior,thanks,고마워,Missing
Seed,Action_Behavior,broken,고장나,Missing
Seed,Action_Behavior,fix,고쳐,Missing
Seed,Action_Behavior,okay,괜찮아,Missing
Seed,Action_Behavior,draw,비기다,Missing
Seed,Action_Behavior,wait,기다려,Missing
Seed,Action_Behavior,shattered,깨져,Missing
Seed,Action_Behavior,turn_off_it,꺼,Missing
Seed,Action_Behavior,get_down,내려,Missing
Seed,Action_Behavior,play,놀다,Missing
Seed,Action_Behavior,close_it,닫아,Missing
Seed,Action_Behavior,pull,당기다,Missing
Seed,Action_Behavior,throw,던지다,Missing
Seed,Action_Behavior,jump,뛰어,Missing
Seed,Action_Behavior,drink,마시다,Missing
Seed,Action_Behavior,eat,먹다,Missing
Seed,Action_Behavior,push,밀다,Missing
Seed,Action_Behavior,take_it_off,벗어,Missing
Seed,Action_Behavior,look,봐,Missing
Seed,Action_Behavior,blow,불다,Missing
Seed,Action_Behavior,standing,서,Missing
Seed,Action_Behavior,wash,씻다,Missing
Seed,Action_Behavior,hug,안아주다,Missing
Seed,Action_Behavior,sit,앉다,Missing
Seed,Action_Behavior,open_it,열어,Missing
Seed,Action_Behavior,wow,와,Missing
Seed,Action_Behavior,cry,울다,Missing
Seed,Action_Behavior,smile,미소짓다,Missing
Seed,Action_Behavior,put_it_on,입어,Missing
Seed,Action_Behavior,sleep_it,자,Missing
Seed,Action_Behavior,pick_it_up,주워,Missing
Seed,Action_Behavior,give_it,줘,Missing
Seed,Action_Behavior,find,찾다,Missing
Seed,Action_Behavior,ride_it,타,Missing
Sprout,Furniture_Appliances,gas_stove,가스레인지,Missing
Sprout,Furniture_Appliances,whisk,거품기,Missing
Sprout,Furniture_Appliances,dryer,드라이기,Missing
Sprout,Furniture_Appliances,mop,걸레,Missing
Sprout,Furniture_Appliances,rubber_gloves,고무장갑,Missing
Sprout,Furniture_Appliances,vase,꽃병,Missing
Sprout,Furniture_Appliances,refrigerator,냉장고,Missing
Sprout,Furniture_Appliances,iron,철,Missing
Sprout,Furniture_Appliances,calendar,달력,Missing
Sprout,Furniture_Appliances,blanket,담요,Missing
Sprout,Furniture_Appliances,flipper,뒤집개,Missing
Sprout,Furniture_Appliances,mattress,매트리스,Missing
Sprout,Furniture_Appliances,blender,믹서기,Missing
Sprout,Furniture_Appliances,chest_of_drawers,서랍장,Missing
Sprout,Furniture_Appliances,electric_fan,선풍기,Missing
Sprout,Furniture_Appliances,washing_machine,세탁기,Missing
Sprout,Furniture_Appliances,shoe_rack,신발장,Missing
Sprout,Furniture_Appliances,air_conditioner,에어컨,Missing
Sprout,Furniture_Appliances,computer,컴퓨터,Missing
Sprout,Family,brother_and_sister,남매,Missing
Sprout,Family,daughter,딸,Missing
Sprout,Family,son,아들,Missing
Sprout,Family,brother,형제,Missing
Sprout,Family,grandmother,할머니,Missing
Sprout,Family,grandfather,할아버지,Missing
Sprout,Insects,cricket,귀뚜라미,Missing
Sprout,Insects,cicada,매미,Missing
Sprout,Insects,grasshopper,메뚜기,Missing
Sprout,Insects,ladybug,무당벌레,Missing
Sprout,Insects,paris,파리,Missing
Sprout,Weather,drought,가뭄,Missing
Sprout,Weather,clouds,구름,Missing
Sprout,Weather,lightning,번개,Missing
Sprout,Pronoun_Conjunction,that,저,Missing
Sprout,Pronoun_Conjunction,what,무슨,Missing
Sprout,Pronoun_Conjunction,which,어떤,Missing
Sprout,Pronoun_Conjunction,this,이,Missing
Sprout,Pronoun_Conjunction,he,걔,Missing
Sprout,Pronoun_Conjunction,it,그것,Missing
Sprout,Pronoun_Conjunction,me,나,Missing
Sprout,Pronoun_Conjunction,you,너,Missing
Sprout,Pronoun_Conjunction,who,누구,Missing
Sprout,Pronoun_Conjunction,boy,얘,Missing
Sprout,Pronoun_Conjunction,where,어디,Missing
Sprout,Pronoun_Conjunction,how,어떻게,Missing
Sprout,Pronoun_Conjunction,when,때,Missing
Sprout,Pronoun_Conjunction,why,왜,Missing
Sprout,Pronoun_Conjunction,us,우리,Missing
Sprout,Animals,dinosaur,공룡,Missing
Sprout,Animals,peacock,공작새,Missing
Sprout,Animals,wild_goose,기러기,Missing
Sprout,Animals,crow,까마귀,Missing
Sprout,Animals,magpie,까치,Missing
Sprout,Animals,crab,꽃게,Missing
Sprout,Animals,eagle,독수리,Missing
Sprout,Animals,dolphin,돌고래,Missing
Sprout,Animals,woodpecker,딱따구리,Missing
Sprout,Animals,octopus,문어,Missing
Sprout,Animals,seal,도장,Missing
Sprout,Animals,bat,박쥐,Missing
Sprout,Animals,swan,백조,Missing
Sprout,Animals,crocodile,악어,Missing
Sprout,Animals,panda,판다,Missing
Sprout,Animals,hippo,하마,Missing
Sprout,People,lady,아주머니,Missing
Sprout,People,adult,어른,Missing
Sprout,People,children,어린이,Missing
Sprout,People,friend,친구,Missing
Sprout,Society_Culture,field_trip,견학,Missing
Sprout,Society_Culture,wedding,결혼식,Missing
Sprout,Society_Culture,chuseok,추석,Missing
Sprout,Society_Culture,festival,축제,Missing
Sprout,Society_Culture,camping,캠핑,Missing
Sprout,Society_Culture,christmas,크리스마스,Missing
Sprout,State_Expression,surprise,깜짝,Missing
Sprout,State_Expression,strong,강하다,Missing
Sprout,State_Expression,rough,거칠다,Missing
Sprout,State_Expression,sue,고소하다,Missing
Sprout,State_Expression,to_beat,구리다,Missing
Sprout,State_Expression,deep,깊다,Missing
Sprout,State_Expression,it_s_dark,깜깜하다,Missing
Sprout,State_Expression,hard_feel,딱딱해,Missing
Sprout,State_Expression,chubby,뚱뚱해,Missing
Sprout,State_Expression,taste_bad,맛없어,Missing
Sprout,State_Expression,delicious,맛있어,Missing
Sprout,State_Expression,cool,멋져,Missing
Sprout,State_Expression,thirsty,목말라,Missing
Sprout,State_Expression,heavy,무거워,Missing
Sprout,State_Expression,scary,무서워,Missing
Sprout,State_Expression,slippery,미끄러워,Missing
Sprout,State_Expression,bright,밝아,Missing
Sprout,State_Expression,hungry,배고파,Missing
Sprout,State_Expression,full_stomach,배불러,Missing
Sprout,State_Expression,soft,부드러워,Missing
Sprout,State_Expression,fast,빨라,Missing
Sprout,State_Expression,sharp,뾰족해,Missing
Sprout,State_Expression,noisy,시끄러워,Missing
Sprout,State_Expression,dark,어두워,Missing
Sprout,State_Expression,few,적어,Missing
Sprout,State_Expression,quiet,조용해,Missing
Sprout,State_Expression,sleepy,졸려,Missing
Sprout,State_Expression,narrow,좁아,Missing
Sprout,State_Expression,short_length,짧아,Missing
Sprout,State_Expression,cold_weather,추워,Missing
Sprout,Colors_Shapes,gold,금,Missing
Sprout,Colors_Shapes,rainbow_color,무지개색,Missing
Sprout,Colors_Shapes,apricot_color,살구색,Missing
Sprout,Daily_Supplies,foam,거품,Missing
Sprout,Daily_Supplies,curling_iron,고데기,Missing
Sprout,Daily_Supplies,pacifier,공갈젖꼭지,Missing
Sprout,Daily_Supplies,dryer,드라이기,Missing
Sprout,Daily_Supplies,lotion,로션,Missing
Sprout,Daily_Supplies,remote_control,리모컨,Missing
Sprout,Daily_Supplies,rinse,린스,Missing
Sprout,Daily_Supplies,dust,먼지,Missing
Sprout,Daily_Supplies,cotton_swab,면봉,Missing
Sprout,Daily_Supplies,bath,목욕,Missing
Sprout,Daily_Supplies,water_bottle,물병,Missing
Sprout,Daily_Supplies,wet_wipes,물티슈,Missing
Sprout,Daily_Supplies,body_wash,바디워시,Missing
Sprout,Daily_Supplies,thermos,보온병,Missing
Sprout,Daily_Supplies,trash_can,쓰레기통,Missing
Sprout,Daily_Supplies,chopsticks,젓가락,Missing
Sprout,Daily_Supplies,vacuum_cleaner,청소기,Missing
Sprout,Daily_Supplies,toothpaste,치약,Missing
Sprout,Daily_Supplies,frying_pan,후라이팬,Missing
Sprout,Daily_Supplies,toilet_paper,휴지,Missing
Sprout,Time,autumn,가을,Missing
Sprout,Time,winter,겨울,Missing
Sprout,Time,day,낮,Missing
Sprout,Time,tomorrow,내일,Missing
Sprout,Time,morning,아침,Missing
Sprout,Time,yesterday,어제,Missing
Sprout,Time,today,오늘,Missing
Sprout,Time,dinner,저녁,Missing
Sprout,Time,lunch,점심,Missing
Sprout,Time,now,지금,Missing
Sprout,Time,sometimes,가끔,Missing
Sprout,Time,every_day,매일,Missing
Sprout,Time,quickly,빨리,Missing
Sprout,Time,later,나중에,Missing
Sprout,Time,slowly,서서히,Missing
Sprout,Shoes,hiking_shoes,등산화,Missing
Sprout,Shoes,sandals,샌들,Missing
Sprout,Shoes,slippers,실내화,Missing
Sprout,Shoes,sneakers,운동화,Missing
Sprout,Body,chest,가슴,Missing
Sprout,Body,cough,기침하다,Missing
Sprout,Body,tears,눈물,Missing
Sprout,Body,eyebrows,눈썹,Missing
Sprout,Body,sweat,땀,Missing
Sprout,Body,poop,똥,Missing
Sprout,Body,fart,방귀뀌다,Missing
Sprout,Body,belly_button,배꼽,Missing
Sprout,Body,eyelashes,속눈썹,Missing
Sprout,Body,nails,손톱,Missing
Sprout,Body,heat,열,Missing
Sprout,Body,pee,오줌,Missing
Sprout,Body,lips,입술,Missing
Sprout,Body,spit,뱉어,Missing
Sprout,Body,tongue,혀,Missing
Sprout,Accessories,earrings,귀걸이,Missing
Sprout,Accessories,tie,묶어,Missing
Sprout,Accessories,ribbon,리본,Missing
Sprout,Accessories,headband,머리띠,Missing
Sprout,Accessories,hairpin,머리핀,Missing
Sprout,Accessories,necklace,목걸이,Missing
Sprout,Accessories,ring,반지,Missing
Sprout,Location_Direction,there,거기,Missing
Sprout,Location_Direction,here,여기,Missing
Sprout,Location_Direction,hey_there,저기,Missing
Sprout,Location_Direction,middle,가운데,Missing
Sprout,Location_Direction,back,백,Missing
Sprout,Location_Direction,outside,겉,Missing
Sprout,Location_Direction,between,사이,Missing
Sprout,Location_Direction,below,아래,Missing
Sprout,Location_Direction,not,안,Missing
Sprout,Location_Direction,front,정면,Missing
Sprout,Location_Direction,both_sides,양쪽,Missing
Sprout,Location_Direction,side,측면,Missing
Sprout,Location_Direction,right,오른쪽,Missing
Sprout,Location_Direction,left,왼쪽,Missing
Sprout,Location_Direction,above,위,Missing
Sprout,Location_Direction,this_way,이쪽으로,Missing
Sprout,Location_Direction,over_there,저쪽으로,Missing
Sprout,Food,soy_sauce,간장,Missing
Sprout,Food,ribs,갈비뼈,Missing
Sprout,Food,egg_roll,계란말이,Missing
Sprout,Food,steamed_egg,계란찜,Missing
Sprout,Food,red_pepper_powder,고춧가루,Missing
Sprout,Food,roasted_sweet_potato,군고구마,Missing
Sprout,Food,kimchi,김치,Missing
Sprout,Food,kimchi_stew,김치찌개,Missing
Sprout,Food,sesame,깨,Missing
Sprout,Food,pickled_radish,단무지,Missing
Sprout,Food,rice_bowl,밥그릇,Missing
Sprout,Food,pork_cutlet,돈까스,Missing
Sprout,Food,soybean_paste_stew,된장찌개,Missing
Sprout,Food,rice_cake_soup,떡국,Missing
Sprout,Food,tteokbokki,떡볶이,Missing
Sprout,Food,mayonnaise,마요네즈,Missing
Sprout,Food,dumpling_soup,만둣국,Missing
Sprout,Food,side_dish,반찬,Missing
Sprout,Food,udon,우동,Missing
Sprout,Food,pudding,푸딩,Missing
Sprout,Food,ham,햄,Missing
Sprout,Food,hamburger,햄버거,Missing
Sprout,Clothes,insert,끼우다,Missing
Sprout,Clothes,turn_over,뒤집다,Missing
Sprout,Clothes,hang,매다,Missing
Sprout,Clothes,take_off,벗기다,Missing
Sprout,Clothes,take_out,빼다,Missing
Sprout,Clothes,long_sleeves,긴팔,Missing
Sprout,Clothes,button,단추,Missing
Sprout,Clothes,leggings,레깅스,Missing
Sprout,Clothes,hat_brim,모자챙,Missing
Sprout,Clothes,shorts,반바지,Missing
Sprout,Clothes,short_sleeves,반팔,Missing
Sprout,Nature_Environment,thorn,가시,Missing
Sprout,Nature_Environment,shadow,그림자,Missing
Sprout,Nature_Environment,petals,꽃잎,Missing
Sprout,Nature_Environment,leaves,나뭇잎,Missing
Sprout,Nature_Environment,moonlight,달빛,Missing
Sprout,Nature_Environment,cave,동굴,Missing
Sprout,Nature_Environment,land,땅,Missing
Sprout,Nature_Environment,sky,하늘,Missing
Sprout,Nature_Environment,soil,흙,Missing
Sprout,Toys_Play,train_play,기차놀이,Missing
Sprout,Toys_Play,seal,도장,Missing
Sprout,Toys_Play,sand,모래,Missing
Sprout,Toys_Play,water_gun,물총,Missing
Sprout,Toys_Play,colored_pencil,색연필,Missing
Sprout,Toys_Play,seesaw,시소,Missing
Sprout,Toys_Play,toy_car,장난감자동차,Missing
Sprout,Toys_Play,crayons,크레파스,Missing
Sprout,Toys_Play,puzzle,퍼즐,Missing
Sprout,Toys_Play,balloon,풍선,Missing
Sprout,Places,police_station,경찰서,Missing
Sprout,Places,amusement_park,놀이공원,Missing
Sprout,Places,library,도서관,Missing
Sprout,Places,zoo,동물원,Missing
Sprout,Places,bathroom,욕실,Missing
Sprout,Places,art_museum,미술관,Missing
Sprout,Places,beauty_salon,미용실,Missing
Sprout,Places,museum,박물관,Missing
Sprout,Places,department_store,백화점,Missing
Sprout,Places,bakery,빵집,Missing
Sprout,Places,fire_station,소방서,Missing
Sprout,Places,swimming_pool,수영장,Missing
Sprout,Places,market,시장,Missing
Sprout,Places,restaurant,식당,Missing
Sprout,Places,pharmacy,약국,Missing
Sprout,Places,daycare_center,어린이집,Missing
Sprout,Places,post_office,우체국,Missing
Sprout,Kitchenware,ladle,국자,Missing
Sprout,Kitchenware,cutting_board,도마,Missing
Sprout,Kitchenware,scrubber,수세미,Missing
Sprout,Kitchenware,apron,앞치마,Missing
Sprout,Kitchenware,spatula,주걱,Missing
Sprout,Kitchenware,kettle,주전자,Missing
Sprout,Jobs,hairdresser,미용사,Missing
Sprout,Jobs,actor,배우,Missing
Sprout,Jobs,veterinarian,수의사,Missing
Sprout,Jobs,fisherman,어부,Missing
Sprout,Jobs,postman,우체부,Missing
Sprout,Jobs,athlete,운동선수,Missing
Sprout,Jobs,driver,드라이버,Missing
Sprout,Jobs,baker,제빵사,Missing
Sprout,Vegetables,eggplant,가지,Missing
Sprout,Vegetables,perilla_leaves,깻잎,Missing
Sprout,Vegetables,green_onion,대파,Missing
Sprout,Vegetables,radish,무,Missing
Sprout,Vegetables,cherry_tomatoes,방울토마토,Missing
Sprout,Vehicles,carriage,마차,Missing
Sprout,Vehicles,sled,썰매,Missing
Sprout,Vehicles,spaceship,우주선,Missing
Sprout,Vehicles,submarine,잠수함,Missing
Sprout,Vehicles,taxi,택시,Missing
Sprout,Vehicles,truck,트럭,Missing
Sprout,Vehicles,excavator,포크레인,Missing
Sprout,Action_Behavior,take_out_it,꺼내,Missing
Sprout,Action_Behavior,nod_head,끄덕여,Missing
Sprout,Action_Behavior,fall_down_it,넘어져,Missing
Sprout,Action_Behavior,sing_it,노래해,Missing
Sprout,Action_Behavior,release,놓아,Missing
Sprout,Action_Behavior,lie_it,누워,Missing
Sprout,Action_Behavior,press_it,눌러,Missing
Sprout,Action_Behavior,wipe_it,닦아,Missing
Sprout,Action_Behavior,put_in,담아,Missing
Sprout,Action_Behavior,answer_it,대답해,Missing
Sprout,Action_Behavior,flee,도망쳐,Missing
Sprout,Action_Behavior,help_me,도와줘,Missing
Sprout,Action_Behavior,spin,돌려,Missing
Sprout,Action_Behavior,hit_it,때려,Missing
Sprout,Action_Behavior,drop,떨어져,Missing
Sprout,Action_Behavior,make_it,만들어,Missing
Sprout,Action_Behavior,touch_it,만져,Missing
Sprout,Action_Behavior,tie,묶어,Missing
Sprout,Action_Behavior,bite,물어,Missing
Sprout,Action_Behavior,sorry,미안해,Missing
Sprout,Action_Behavior,hate_you,미워해,Missing
Sprout,Action_Behavior,receive_it,받아,Missing
Sprout,Action_Behavior,spit,뱉어,Missing
Sprout,Action_Behavior,call_out,불러,Missing
Sprout,Action_Behavior,paste,붙여,Missing
Sprout,Action_Behavior,borrow_it,빌려,Missing
Sprout,Action_Behavior,suck_it,빨아,Missing
Sprout,Action_Behavior,kiss_it,뽀뽀해,Missing
Sprout,Action_Behavior,love_you,사랑해,Missing
Sprout,Action_Behavior,swallow_it,삼켜,Missing
Sprout,Action_Behavior,blend,섞어,Missing
Sprout,Action_Behavior,hide_it,숨어,Missing
Sprout,Action_Behavior,wear_shoes,신어,Missing
Sprout,Action_Behavior,dislike_it,싫어해,Missing
Sprout,Action_Behavior,fight_it,싸워,Missing
Sprout,Action_Behavior,spill,쏟아,Missing
Sprout,Action_Behavior,pet,쓰다듬어,Missing
Sprout,Action_Behavior,chew_it,씹어,Missing
Stem,Furniture_Appliances,rice_cooker,밥솥,Missing
Stem,Furniture_Appliances,cushion,방석,Missing
Stem,Furniture_Appliances,blinds,블라인드,Missing
Stem,Furniture_Appliances,broom,빗자루,Missing
Stem,Furniture_Appliances,kitchen_knife,식칼,Missing
Stem,Furniture_Appliances,dining_chair,식탁의자,Missing
Stem,Furniture_Appliances,dustpan,쓰레받기,Missing
Stem,Furniture_Appliances,picture_frame,액자,Missing
Stem,Furniture_Appliances,oven,오븐,Missing
Stem,Furniture_Appliances,dish_detergent,주방세제,Missing
Stem,Furniture_Appliances,tongs,집게,Missing
Stem,Furniture_Appliances,bookshelf,책장,Missing
Stem,Furniture_Appliances,carpet,카펫,Missing
Stem,Furniture_Appliances,curtain,커튼,Missing
Stem,Furniture_Appliances,coffee_pot,커피포트,Missing
Stem,Furniture_Appliances,toaster,토스터기,Missing
Stem,Furniture_Appliances,flower_pot,화분,Missing
Stem,Furniture_Appliances,dressing_table,화장대,Missing
Stem,Furniture_Appliances,rocking_chair,흔들의자,Missing
Stem,Emotion_Psychology,decide,결정하다,Missing
Stem,Emotion_Psychology,worry,고민하다,Missing
Stem,Emotion_Psychology,it_s_painful,괴롭다,Missing
Stem,Emotion_Psychology,i_m_curious,궁금하다,Missing
Stem,Emotion_Psychology,it_s_annoying,귀찮다,Missing
Stem,Emotion_Psychology,expect,기대하다,Missing
Stem,Emotion_Psychology,amazing,놀랍다,Missing
Stem,Emotion_Psychology,it_s_frustrating,답답하다,Missing
Stem,Emotion_Psychology,i_m_embarrassed,부끄럽다,Missing
Stem,Emotion_Psychology,i_m_jealous,부럽다,Missing
Stem,Emotion_Psychology,excited,신나다,Missing
Stem,Emotion_Psychology,i_m_bored,심심하다,Missing
Stem,Emotion_Psychology,it_s_unfair,억울하다,Missing
Stem,Emotion_Psychology,fun,재미있다,Missing
Stem,Emotion_Psychology,boring,지루하다,Missing
Stem,Emotion_Psychology,annoying,짜증나다,Missing
Stem,Emotion_Psychology,i_m_tired,피곤하다,Missing
Stem,Insects,cockroach,바퀴벌레,Missing
Stem,Insects,firefly,반딧불이,Missing
Stem,Insects,wart,사마귀,Missing
Stem,Insects,stag_beetle,사슴벌레,Missing
Stem,Insects,caterpillar,애벌레,Missing
Stem,Insects,rhinoceros_beetle,장수풍뎅이,Missing
Stem,Fruits,mango,망고,Missing
Stem,Fruits,quince,모과,Missing
Stem,Fruits,apricot,살구,Missing
Stem,Fruits,plums,자두,Missing
Stem,Fruits,kiwi,키위,Missing
Stem,Weather,fog,안개,Missing
Stem,Weather,thunder,천둥,Missing
Stem,Weather,sunlight,햇빛,Missing
Stem,Pronoun_Conjunction,which,어떤,Missing
Stem,Pronoun_Conjunction,that,저,Missing
Stem,Pronoun_Conjunction,suddenly,갑자기,Missing
Stem,Pronoun_Conjunction,almost,거의,Missing
Stem,Pronoun_Conjunction,besides,게다가,Missing
Stem,Pronoun_Conjunction,in_the_end,결국,Missing
Stem,Pronoun_Conjunction,never,절대,Missing
Stem,Pronoun_Conjunction,by_all_means,꼭,Missing
Stem,Pronoun_Conjunction,again,다시,Missing
Stem,Pronoun_Conjunction,really,정말,Missing
Stem,Pronoun_Conjunction,so,그래서,Missing
Stem,Pronoun_Conjunction,but,그러나,Missing
Stem,Pronoun_Conjunction,then,그러면,Missing
Stem,Pronoun_Conjunction,and,그리고,Missing
Stem,Pronoun_Conjunction,if,만약,Missing
Stem,Pronoun_Conjunction,because,왜냐하면,Missing
Stem,Tools_Machines,humidifier,가습기,Missing
Stem,Tools_Machines,battery,건전지,Missing
Stem,Tools_Machines,air_purifier,공기청정기,Missing
Stem,Tools_Machines,stove,난로,Missing
Stem,Tools_Machines,magnifying_glass,돋보기,Missing
Stem,Tools_Machines,driver,드라이버,Missing
Stem,Tools_Machines,mouse,마우스,Missing
Stem,Tools_Machines,telescope,망원경,Missing
Stem,Tools_Machines,hammer,망치,Missing
Stem,Tools_Machines,monitor,모니터,Missing
Stem,Tools_Machines,nail,못,Missing
Stem,Tools_Machines,shovel,삽,Missing
Stem,Tools_Machines,stapler,스테이플러,Missing
Stem,Tools_Machines,speaker,스피커,Missing
Stem,Tools_Machines,thumbtack,압정,Missing
Stem,Tools_Machines,key,열쇠,Missing
Stem,Tools_Machines,earphones,이어폰,Missing
Stem,Tools_Machines,lock,잠그다,Missing
Stem,Tools_Machines,syringe,주사기,Missing
Stem,Tools_Machines,cane,지팡이,Missing
Stem,Tools_Machines,charger,충전기,Missing
Stem,Animals,hedgehog,고슴도치,Missing
Stem,Animals,camel,낙타,Missing
Stem,Animals,lizard,도마뱀,Missing
Stem,Animals,viper,독사,Missing
Stem,Animals,toad,두꺼비,Missing
Stem,Animals,owl,부엉이,Missing
Stem,Animals,starfish,불가사리,Missing
Stem,Animals,pigeon,비둘기,Missing
Stem,Animals,shrimp,새우,Missing
Stem,Animals,otter,수달,Missing
Stem,Animals,parrot,앵무새,Missing
Stem,Animals,squid,오징어,Missing
Stem,Animals,clam,조개,Missing
Stem,Animals,sparrow,참새,Missing
Stem,Animals,ostrich,타조,Missing
Stem,Animals,pelican,펠리컨,Missing
Stem,Animals,hippocampus,해마,Missing
Stem,Animals,jellyfish,해파리,Missing
Stem,People,man,남자,Missing
Stem,People,old_man,노인,Missing
Stem,People,guest,손님,Missing
Stem,People,brother,형제,Missing
Stem,Society_Culture,hometown,고향,Missing
Stem,Society_Culture,country,국가,Missing
Stem,Society_Culture,anniversary,기념일,Missing
Stem,Society_Culture,school_trip,수학여행,Missing
Stem,Society_Culture,etiquette,예절,Missing
Stem,Society_Culture,address,주소,Missing
Stem,State_Expression,cleanly,깨끗하게,Missing
Stem,State_Expression,tight,꽉,Missing
Stem,State_Expression,low,낮게,Missing
Stem,State_Expression,height,높이,Missing
Stem,State_Expression,all,다,Missing
Stem,State_Expression,dirty,더러워,Missing
Stem,State_Expression,a_lot,잔뜩,Missing
Stem,State_Expression,far_away,멀리,Missing
Stem,State_Expression,nicely,멋지게,Missing
Stem,State_Expression,secretly,몰래,Missing
Stem,State_Expression,gently,살살,Missing
Stem,State_Expression,harder,세게,Missing
Stem,State_Expression,loudly,시끄럽게,Missing
Stem,State_Expression,dazzling,눈부시다,Missing
Stem,State_Expression,different,다르다,Missing
Stem,State_Expression,sweet,달콤하다,Missing
Stem,State_Expression,thick,두껍다,Missing
Stem,State_Expression,warm,따뜻하다,Missing
Stem,State_Expression,it_s_the_same,똑같다,Missing
Stem,State_Expression,that_s_right,맞다,Missing
Stem,State_Expression,smooth,매끄럽다,Missing
Stem,State_Expression,spicy,매콤하다,Missing
Stem,State_Expression,soft,부드러워,Missing
Stem,State_Expression,sour,새콤하다,Missing
Stem,State_Expression,cool,멋져,Missing
Stem,State_Expression,it_s_amazing,신기하다,Missing
Stem,State_Expression,it_s_bland,싱겁다,Missing
Stem,State_Expression,bitter,떫다,Missing
Stem,State_Expression,safe,안전하다,Missing
Stem,State_Expression,weak,약하다,Missing
Stem,State_Expression,thin,얇다,Missing
Stem,State_Expression,shallow,얕다,Missing
Stem,Colors_Shapes,rhombus,마름모,Missing
Stem,Colors_Shapes,star_shape,별모양,Missing
Stem,Colors_Shapes,line,줄,Missing
Stem,Colors_Shapes,silver,은,Missing
Stem,Colors_Shapes,point,가리켜,Missing
Stem,Colors_Shapes,gray,회색,Missing
Stem,Daily_Supplies,separate_recycling,분리수거,Missing
Stem,Daily_Supplies,powdered_milk,분유,Missing
Stem,Daily_Supplies,soap_bubbles,비누거품,Missing
Stem,Daily_Supplies,laundry,빨래,Missing
Stem,Daily_Supplies,shower,샤워,Missing
Stem,Daily_Supplies,shampoo,샴푸,Missing
Stem,Daily_Supplies,washing_dishes,설거지,Missing
Stem,Daily_Supplies,wash_your_face,세수,Missing
Stem,Daily_Supplies,nail_clippers,손톱깎이,Missing
Stem,Daily_Supplies,food_tray,식판,Missing
Stem,Daily_Supplies,errands,심부름,Missing
Stem,Daily_Supplies,trash,쓰레기,Missing
Stem,Daily_Supplies,brush_your_teeth,양치질,Missing
Stem,Daily_Supplies,pocket_money,용돈,Missing
Stem,Daily_Supplies,haircut,이발,Missing
Stem,Daily_Supplies,baby_bottle,젖병,Missing
Stem,Daily_Supplies,cleaning,청소,Missing
Stem,Daily_Supplies,car_seat,카시트,Missing
Stem,Daily_Supplies,cream,크림,Missing
Stem,Daily_Supplies,bib,턱받이,Missing
Stem,Daily_Supplies,perfume,향수,Missing
Stem,Numbers_Units,fourth,넷째,Missing
Stem,Numbers_Units,second,둘째,Missing
Stem,Numbers_Units,last,마지막,Missing
Stem,Numbers_Units,full,가득,Missing
Stem,Numbers_Units,plenty,듬뿍,Missing
Stem,Numbers_Units,forty,마흔,Missing
Stem,Numbers_Units,kwon,권,Missing
Stem,Numbers_Units,stand,대,Missing
Stem,Numbers_Units,marie,마리,Missing
Stem,Numbers_Units,people,명,Missing
Stem,Numbers_Units,bottle,병,Missing
Stem,Numbers_Units,bunch,송이,Missing
Stem,Numbers_Units,chapter,장,Missing
Stem,Numbers_Units,pair,켤레,Missing
Stem,Time,season,계절,Missing
Stem,Time,friday,금요일,Missing
Stem,Time,date,날짜,Missing
Stem,Time,next_year,내년,Missing
Stem,Time,the_day_after_tomorrow,모레,Missing
Stem,Time,vacation,방학,Missing
Stem,Time,spring,봄,Missing
Stem,Time,dawn,새벽,Missing
Stem,Time,birthday,생일,Missing
Stem,Time,picnic,소풍,Missing
Stem,Time,summer,여름,Missing
Stem,Time,weekend,주말,Missing
Stem,Time,later,나중에,Missing
Stem,Time,late,늦게,Missing
Stem,Time,first,첫째,Missing
Stem,Time,early,일찍,Missing
Stem,Body,ribs,갈비뼈,Missing
Stem,Body,ear_hole,귓구멍,Missing
Stem,Body,earlobe,귓볼,Missing
Stem,Body,brain,뇌,Missing
Stem,Body,throat,목구멍,Missing
Stem,Body,ankle,발목,Missing
Stem,Body,claws,발톱,Missing
Stem,Body,ball,볼,Missing
Stem,Body,wrist,손목,Missing
Stem,Body,forehead,이마,Missing
Stem,Body,nostrils,콧구멍,Missing
Stem,Body,runny_nose,콧물,Missing
Stem,Body,chin,턱,Missing
Stem,Body,elbow,팔꿈치,Missing
Stem,Body,blood,피,Missing
Stem,Body,waist,허리,Missing
Stem,Body,thighs,허벅지,Missing
Stem,Instruments,recorder,리코더,Missing
Stem,Instruments,microphone,마이크,Missing
Stem,Instruments,cymbals,심벌즈,Missing
Stem,Instruments,castanets,캐스터네츠,Missing
Stem,Instruments,tambourine,탬버린,Missing
Stem,Instruments,flute,피리,Missing
Stem,Instruments,harmonica,하모니카,Missing
Stem,Safety_Medical,better,낫다,Missing
Stem,Safety_Medical,get_hurt,다치다,Missing
Stem,Safety_Medical,deida,데이다,Missing
Stem,Safety_Medical,stop,정류장,Missing
Stem,Safety_Medical,cut,썰다,Missing
Stem,Safety_Medical,break,깨뜨리다,Missing
Stem,Safety_Medical,be_careful,조심하다,Missing
Stem,Safety_Medical,phlegm,가래,Missing
Stem,Safety_Medical,powdered_medicine,가루약,Missing
Stem,Safety_Medical,crossing,건널목,Missing
Stem,Safety_Medical,crutches,목발,Missing
Stem,Safety_Medical,band,밴드,Missing
Stem,Safety_Medical,fire,불,Missing
Stem,Safety_Medical,fire_extinguisher,소화기,Missing
Stem,Safety_Medical,traffic_lights,신호등,Missing
Stem,Safety_Medical,pill,알약,Missing
Stem,Safety_Medical,ointment,연고,Missing
Stem,Safety_Medical,smoke,연기,Missing
Stem,Safety_Medical,stethoscope,청진기,Missing
Stem,Accessories,feather,깃,Missing
Stem,Accessories,string,끈,Missing
Stem,Accessories,bow_tie,나비넥타이,Missing
Stem,Accessories,suspenders,멜빵,Missing
Stem,Accessories,sunglasses,선글라스,Missing
Stem,Accessories,cap_hat,캡모자,Missing
Stem,Accessories,fur_hat,털모자,Missing
Stem,Accessories,bracelet,팔찌,Missing
Stem,Hygiene_Cleaning,wake_up,깨다,Missing
Stem,Hygiene_Cleaning,leave,남기다,Missing
Stem,Hygiene_Cleaning,sleep,누다,Missing
Stem,Hygiene_Cleaning,wipe,닦아주다,Missing
Stem,Hygiene_Cleaning,take_a_bath,목욕하다,Missing
Stem,Hygiene_Cleaning,empty,텅비다,Missing
Stem,Hygiene_Cleaning,wash_one_s_face,세수하다,Missing
Stem,Hygiene_Cleaning,cheap,싸다,Missing
Stem,Location_Direction,edge,가장자리,Missing
Stem,Location_Direction,across_the_street,건너편,Missing
Stem,Location_Direction,outside,겉,Missing
Stem,Location_Direction,both_sides,양쪽,Missing
Stem,Location_Direction,in_the_middle_of_nowhere,한가운데,Missing
Stem,Location_Direction,close,가까이,Missing
Stem,Location_Direction,back,백,Missing
Stem,Location_Direction,straight,똑바로,Missing
Stem,Location_Direction,out,밖으로,Missing
Stem,Location_Direction,round_and_round,빙글빙글,Missing
Stem,Location_Direction,down,아래로,Missing
Stem,Location_Direction,in,안으로,Missing
Stem,Location_Direction,forward,앞으로,Missing
Stem,Location_Direction,sideways,옆으로,Missing
Stem,Location_Direction,up,위로,Missing
Stem,Location_Direction,this_way,이쪽으로,Missing
Stem,Location_Direction,over_there,저쪽으로,Missing
Stem,Location_Direction,all_the_way,쭉,Missing
Stem,Food,seaweed_soup,미역국,Missing
Stem,Food,butter,버터,Missing
Stem,Food,fried_rice,볶음밥,Missing
Stem,Food,bulgogi,불고기,Missing
Stem,Food,bungeobbang,붕어빵,Missing
Stem,Food,bibimbap,비빔밥,Missing
Stem,Food,shaved_ice,빙수,Missing
Stem,Food,cider,사이다,Missing
Stem,Food,sandwich,샌드위치,Missing
Stem,Food,sugar,설탕,Missing
Stem,Food,salt,소금,Missing
Stem,Food,cotton_candy,솜사탕,Missing
Stem,Food,sundae,순대,Missing
Stem,Food,spaghetti,스파게티,Missing
Stem,Food,syrup,시럽,Missing
Stem,Food,vinegar,식초,Missing
Stem,Food,fish_cake,어묵,Missing
Stem,Food,waffle,와플,Missing
Stem,Food,jam,잼,Missing
Stem,Food,jjajangmyeon,짜장면,Missing
Stem,Food,jjambbong,짬뽕,Missing
Stem,Food,sesame_oil,참기름,Missing
Stem,Food,curry,카레,Missing
Stem,Food,ketchup,케첩,Missing
Stem,Food,cola,콜라,Missing
Stem,Clothes,bra,브래지어,Missing
Stem,Clothes,sleeve,소매,Missing
Stem,Clothes,swimsuit,수영복,Missing
Stem,Clothes,sweater,스웨터,Missing
Stem,Clothes,shoelace,신발끈,Missing
Stem,Clothes,lapel,옷깃,Missing
Stem,Clothes,raincoat,비옷,Missing
Stem,Clothes,pajamas,잠옷,Missing
Stem,Clothes,vest,조끼,Missing
Stem,Clothes,pocket,주머니,Missing
Stem,Clothes,zipper,지퍼,Missing
Stem,Cognition_Interaction,teach,가르치다,Missing
Stem,Cognition_Interaction,repay,갚다,Missing
Stem,Cognition_Interaction,lie,거짓말,Missing
Stem,Cognition_Interaction,choose,선택하다,Missing
Stem,Cognition_Interaction,thank_you,고마워하다,Missing
Stem,Cognition_Interaction,remember,기억하다,Missing
Stem,Cognition_Interaction,cough,기침하다,Missing
Stem,Cognition_Interaction,share,나누다,Missing
Stem,Cognition_Interaction,tease,놀리다,Missing
Stem,Cognition_Interaction,return,돌려주다,Missing
Stem,Cognition_Interaction,listen,듣다,Missing
Stem,Cognition_Interaction,speak,말하다,Missing
Stem,Cognition_Interaction,don_t_know,모르다,Missing
Stem,Cognition_Interaction,smile,미소짓다,Missing
Stem,Cognition_Interaction,sorry,미안해,Missing
Stem,Cognition_Interaction,believe,믿다,Missing
Stem,Cognition_Interaction,fart,방귀뀌다,Missing
Stem,Cognition_Interaction,learn,배우다,Missing
Stem,Cognition_Interaction,see,보다,Missing
Stem,Cognition_Interaction,lend,빌려주다,Missing
Stem,Cognition_Interaction,apologize,사과하다,Missing
Stem,Cognition_Interaction,think,생각,Missing
Stem,Cognition_Interaction,shout,소리치다,Missing
Stem,Cognition_Interaction,whisper,속삭이다,Missing
Stem,Cognition_Interaction,know,알다,Missing
Stem,Cognition_Interaction,promise,다짐하다,Missing
Stem,Cognition_Interaction,violate,어기다,Missing
Stem,Cognition_Interaction,forgive,용서하다,Missing
Stem,Cognition_Interaction,doubt,의심하다,Missing
Stem,Cognition_Interaction,forget,까먹다,Missing
Stem,Cognition_Interaction,sneeze,재채기하다,Missing
Stem,Cognition_Interaction,protect,지키다,Missing
Stem,Cognition_Interaction,rules,규칙,Missing
Stem,Cognition_Interaction,order,질서,Missing
Stem,Cognition_Interaction,fight,싸움,Missing
Stem,Cognition_Interaction,concession,양보,Missing
Stem,Cognition_Interaction,greetings,인사,Missing
Stem,Cognition_Interaction,line,줄,Missing
Stem,Cognition_Interaction,turn,차례,Missing
Stem,Cognition_Interaction,praise,칭찬,Missing
Stem,Cognition_Interaction,together,같이,Missing
Stem,Cognition_Interaction,get_along_well,사이좋게,Missing
Stem,Nature_Environment,icicle,고드름,Missing
Stem,Nature_Environment,field,들판,Missing
Stem,Nature_Environment,shooting_star,별똥별,Missing
Stem,Nature_Environment,starlight,별빛,Missing
Stem,Nature_Environment,roots,뿌리,Missing
Stem,Nature_Environment,sprout,새싹,Missing
Stem,Nature_Environment,forest,숲,Missing
Stem,Nature_Environment,seeds,씨앗,Missing
Stem,Nature_Environment,ice,얼음,Missing
Stem,Nature_Environment,alien,외계인,Missing
Stem,Nature_Environment,space,우주,Missing
Stem,Nature_Environment,stem,줄기,Missing
Stem,Nature_Environment,earth,지구,Missing
Stem,Nature_Environment,earthquake,지진,Missing
Stem,Nature_Environment,mud,진흙,Missing
Stem,Nature_Environment,waves,파도,Missing
Stem,Nature_Environment,lake,호수,Missing
Stem,Nature_Environment,volcano,화산,Missing
Stem,Toys_Play,scab,딱지,Missing
Stem,Toys_Play,sand_play,모래놀이,Missing
Stem,Toys_Play,paint,물감,Missing
Stem,Toys_Play,brush,붓,Missing
Stem,Toys_Play,confetti,색종이,Missing
Stem,Toys_Play,coloring_book,색칠공부,Missing
Stem,Toys_Play,kite,연,Missing
Stem,Toys_Play,clay,점토,Missing
Stem,Toys_Play,jungle_gym,정글짐,Missing
Stem,Toys_Play,palette,팔레트,Missing
Stem,Places,distance,거리,Missing
Stem,Places,stadium,경기장,Missing
Stem,Places,laundry,빨래,Missing
Stem,Places,pediatrics,소아과,Missing
Stem,Places,aquarium,수족관,Missing
Stem,Places,botanical_garden,식물원,Missing
Stem,Places,shoe_store,신발가게,Missing
Stem,Places,icecream_shop,아이스크림가게,Missing
Stem,Places,optician,안경점,Missing
Stem,Places,ophthalmology,안과,Missing
Stem,Places,movie_theater,영화관,Missing
Stem,Places,clothing_store,옷가게,Missing
Stem,Places,kindergarten,유치원,Missing
Stem,Places,bank,은행,Missing
Stem,Places,barber_shop,이발소,Missing
Stem,Places,otolaryngology,이비인후과,Missing
Stem,Places,toy_store,장난감가게,Missing
Stem,Places,house,집,Missing
Stem,Places,dentistry,치과,Missing
Stem,Places,cafe,카페,Missing
Stem,Places,convenience_store,편의점,Missing
Stem,Jobs,architect,건축가,Missing
Stem,Jobs,scientist,과학자,Missing
Stem,Jobs,principal,교장선생님,Missing
Stem,Jobs,paramedic,구급대원,Missing
Stem,Jobs,reporter,기자,Missing
Stem,Jobs,carpenter,목수,Missing
Stem,Jobs,dentist,치과의사,Missing
Stem,Jobs,painter,화가,Missing
Stem,Vegetables,cabbage,양배추,Missing
Stem,Vegetables,lettuce,상추,Missing
Stem,Vegetables,spinach,시금치,Missing
Stem,Vegetables,zucchini,애호박,Missing
Stem,Vegetables,bean_sprouts,콩나물,Missing
Stem,Vegetables,paprika,파프리카,Missing
Stem,Vegetables,green_pepper,피망,Missing
Stem,Abstract_Concepts,fake,가짜,Missing
Stem,Abstract_Concepts,lie,거짓말,Missing
Stem,Abstract_Concepts,mood,기분,Missing
Stem,Abstract_Concepts,joy,기쁨,Missing
Stem,Abstract_Concepts,scold,꾸중,Missing
Stem,Abstract_Concepts,dream,꿈,Missing
Stem,Abstract_Concepts,informal_language,반말,Missing
Stem,Abstract_Concepts,secret,비밀,Missing
Stem,Abstract_Concepts,think,생각,Missing
Stem,Abstract_Concepts,wish,소원,Missing
Stem,Abstract_Concepts,wrong,잘못,Missing
Stem,Abstract_Concepts,prank,장난,Missing
Stem,Vehicles,tow_truck,견인차,Missing
Stem,Vehicles,express_bus,고속버스,Missing
Stem,Vehicles,high_speed_train,고속열차,Missing
Stem,Vehicles,dump_truck,덤프트럭,Missing
Stem,Vehicles,village_bus,마을버스,Missing
Stem,Vehicles,bulldozer,불도저,Missing
Stem,Vehicles,garbage_truck,쓰레기차,Missing
Stem,Vehicles,passenger_ship,여객선,Missing
Stem,Vehicles,moving_truck,이삿짐차,Missing
Stem,Action_Behavior,tickle,간지럽히다,Missing
Stem,Action_Behavior,hide,감추다,Missing
Stem,Action_Behavior,fold,개다,Missing
Stem,Action_Behavior,crumple,구기다,Missing
Stem,Action_Behavior,roll_over,구르다,Missing
Stem,Action_Behavior,scratch,긁다,Missing
Stem,Action_Behavior,crawl,기어가다,Missing
Stem,Action_Behavior,lay_down,깔다,Missing
Stem,Action_Behavior,blink,깜빡이다,Missing
Stem,Action_Behavior,break,깨뜨리다,Missing
Stem,Action_Behavior,pinch,꼬집다,Missing
Stem,Action_Behavior,hang_up,끊다,Missing
Stem,Action_Behavior,fly,날다,Missing
Stem,Action_Behavior,lay_out,널다,Missing
Stem,Action_Behavior,glare,노려보다,Missing
Stem,Action_Behavior,run,달리다,Missing
Stem,Action_Behavior,cover,덮다,Missing
Stem,Action_Behavior,drop,떨어져,Missing
Stem,Action_Behavior,dry,건조하다,Missing
Stem,Action_Behavior,fiddle_with,만지작거리다,Missing
Stem,Action_Behavior,hi,안녕,Missing
Stem,Action_Behavior,piggyback,업어,Missing
Stem,Action_Behavior,greet_it,인사해,Missing
Stem,Action_Behavior,get_up,일어나,Missing
Stem,Action_Behavior,stand_up_it,일어서,Missing
Stem,Action_Behavior,cut_it,잘라,Missing
Stem,Action_Behavior,grab,잡아,Missing
Stem,Action_Behavior,fold_it,접어,Missing
Stem,Action_Behavior,like_it,좋아해,Missing
Stem,Action_Behavior,tear_it,찢어,Missing
Stem,Action_Behavior,endure_it,참아,Missing
Stem,Action_Behavior,dance_it,춤춰,Missing
Stem,Action_Behavior,turn_on_it,켜,Missing
Stem,Action_Behavior,unfold_it,펴,Missing
Stem,Action_Behavior,untie,풀어,Missing
Stem,Action_Behavior,get_angry_it,화내,Missing
Petal,Family,aunt,고모,Missing
Petal,Family,sisters,자매,Missing
Petal,Family,ancestor,조상,Missing
Petal,Family,nephew,조카,Missing
Petal,Family,relative,친척,Missing
Petal,Family,brother,형제,Missing
Petal,Emotion_Psychology,promise,다짐하다,Missing
Petal,Emotion_Psychology,imagine,상상하다,Missing
Petal,Emotion_Psychology,misunderstand,오해하다,Missing
Petal,Emotion_Psychology,understand,이해하다,Missing
Petal,Emotion_Psychology,be_mistaken,착각하다,Missing
Petal,Emotion_Psychology,regret,후회하다,Missing
Petal,Emotion_Psychology,thank_goodness,다행이다,Missing
Petal,Emotion_Psychology,embarrassed,당황하다,Missing
Petal,Emotion_Psychology,i_m_anxious,불안하다,Missing
Petal,Emotion_Psychology,disappointed,실망하다,Missing
Petal,Emotion_Psychology,lonely,외롭다,Missing
Petal,Emotion_Psychology,depressed,우울하다,Missing
Petal,Emotion_Psychology,i_m_proud,자랑스럽다,Missing
Petal,Emotion_Psychology,comfortable,편안하다,Missing
Petal,Emotion_Psychology,it_s_absurd,황당하다,Missing
Petal,Economy_Money,waste,낭비하다,Missing
Petal,Economy_Money,put_out,내다,Missing
Petal,Economy_Money,buy,사다,Missing
Petal,Economy_Money,save,아끼다,Missing
Petal,Economy_Money,save_up,저금하다,Missing
Petal,Economy_Money,sell,팔다,Missing
Petal,Economy_Money,price,가격,Missing
Petal,Economy_Money,poverty,가난,Missing
Petal,Economy_Money,change,잔돈,Missing
Petal,Economy_Money,calculation,계산,Missing
Petal,Economy_Money,free,무료,Missing
Petal,Economy_Money,money,돈,Missing
Petal,Economy_Money,coin,동전,Missing
Petal,Economy_Money,rich,부자,Missing
Petal,Economy_Money,tax,세금,Missing
Petal,Economy_Money,receipt,영수증,Missing
Petal,Economy_Money,paid,유료,Missing
Petal,Economy_Money,piggy_bank,저금통,Missing
Petal,Economy_Money,wallet,지갑,Missing
Petal,Economy_Money,paper_money,지폐,Missing
Petal,Economy_Money,card,카드,Missing
Petal,Economy_Money,bankbook,통장,Missing
Petal,Economy_Money,expensive,비싸다,Missing
Petal,Insects,moth,나방,Missing
Petal,Insects,wasp,말벌,Missing
Petal,Insects,katydid,여치,Missing
Petal,Insects,scorpion,전갈,Missing
Petal,Insects,centipede,지네,Missing
Petal,Insects,earthworm,지렁이,Missing
Petal,Weather,frost,서리,Missing
Petal,Weather,dew,이슬,Missing
Petal,Weather,typhoon,태풍,Missing
Petal,Weather,flood,홍수,Missing
Petal,Weather,whirlwind,회오리바람,Missing
Petal,Pronoun_Conjunction,too,너무,Missing
Petal,Pronoun_Conjunction,of_course,당연히,Missing
Petal,Pronoun_Conjunction,moreover,더구나,Missing
Petal,Pronoun_Conjunction,finally,마침내,Missing
Petal,Pronoun_Conjunction,very,엄청,Missing
Petal,Pronoun_Conjunction,surely,반드시,Missing
Petal,Pronoun_Conjunction,not_really,별로,Missing
Petal,Pronoun_Conjunction,slowly,서서히,Missing
Petal,Pronoun_Conjunction,maybe,아마도,Missing
Petal,Pronoun_Conjunction,rather,차라리,Missing
Petal,Pronoun_Conjunction,by_chance,우연히,Missing
Petal,Pronoun_Conjunction,not_at_all,전혀,Missing
Petal,Pronoun_Conjunction,never,절대,Missing
Petal,Pronoun_Conjunction,really,정말,Missing
Petal,Pronoun_Conjunction,if,만약,Missing
Petal,Tools_Machines,laptop,노트북,Missing
Petal,Tools_Machines,lead_wire,리드선,Missing
Petal,Tools_Machines,copier,복사기,Missing
Petal,Tools_Machines,smartphone,스마트폰,Missing
Petal,Tools_Machines,switch,스위치,Missing
Petal,Tools_Machines,light_bulb,전구,Missing
Petal,Tools_Machines,camera,카메라,Missing
Petal,Tools_Machines,camcorder,캠코더,Missing
Petal,Tools_Machines,coffee_machine,커피머신,Missing
Petal,Tools_Machines,outlet,콘센트,Missing
Petal,Tools_Machines,clip,클립,Missing
Petal,Tools_Machines,keyboard,키보드,Missing
Petal,Tools_Machines,tablet,태블릿,Missing
Petal,Tools_Machines,tape,테이프,Missing
Petal,Tools_Machines,saw,톱,Missing
Petal,Tools_Machines,printer,프린터,Missing
Petal,Tools_Machines,plug,플러그,Missing
Petal,Tools_Machines,pencil_case,필통,Missing
Petal,Tools_Machines,headphones,헤드폰,Missing
Petal,Tools_Machines,microscope,현미경,Missing
Petal,Tools_Machines,fluorescent_light,형광등,Missing
Petal,Tools_Machines,hose,호스,Missing
Petal,Animals,mole,두더지,Missing
Petal,Animals,mammoth,맘모스,Missing
Petal,Animals,falcon,매,Missing
Petal,Animals,mongkoi,맹꽁이,Missing
Petal,Animals,polar_bear,북극곰,Missing
Petal,Animals,brachiosaurus,브라키오사우루스,Missing
Petal,Animals,beaver,비버,Missing
Petal,Animals,desert_fox,사막여우,Missing
Petal,Animals,stegosaurus,스테고사우루스,Missing
Petal,Animals,tadpole,올챙이,Missing
Petal,Animals,iguana,이구아나,Missing
Petal,Animals,grow_up,자라,Missing
Petal,Animals,swallow,제비,Missing
Petal,Animals,chameleon,카멜레온,Missing
Petal,Animals,triceratops,트리케라톱스,Missing
Petal,Animals,tyrannosaurus,티라노사우루스,Missing
Petal,Animals,pteranodon,프테라노돈,Missing
Petal,Animals,flamingo,플라밍고,Missing
Petal,Animals,sea_otter,해달,Missing
Petal,Material,gas,가스,Missing
Petal,Material,leather,가죽,Missing
Petal,Material,rubber,고무,Missing
Petal,Material,gold,금,Missing
Petal,Material,oil,석유,Missing
Petal,Material,dong,동,Missing
Petal,Material,needle,바늘,Missing
Petal,Material,vinyl,비닐,Missing
Petal,Material,coal,석탄,Missing
Petal,Material,cotton,솜,Missing
Petal,Material,iron,철,Missing
Petal,Material,water_vapor,수증기,Missing
Petal,Material,thread,실,Missing
Petal,Material,fabric,옷감,Missing
Petal,Material,silver,은,Missing
Petal,Material,ash,재,Missing
Petal,Material,electricity,전기,Missing
Petal,Material,paper,종이,Missing
Petal,Material,cloth,천,Missing
Petal,Material,yarn,털실,Missing
Petal,Material,plastic,플라스틱,Missing
Petal,People,woman,여자,Missing
Petal,People,neighbor,이웃,Missing
Petal,People,owner,주인,Missing
Petal,People,young_man,청년,Missing
Petal,Society_Culture,country,국가,Missing
Petal,Society_Culture,gender,성별,Missing
Petal,Society_Culture,world,세계,Missing
Petal,Society_Culture,foreign,외국,Missing
Petal,Society_Culture,funeral,장례식,Missing
Petal,Society_Culture,tradition,전통,Missing
Petal,State_Expression,pretty,예쁘게,Missing
Petal,State_Expression,everything,전부,Missing
Petal,State_Expression,a_little,조금,Missing
Petal,State_Expression,quietly,조용히,Missing
Petal,State_Expression,full,가득,Missing
Petal,State_Expression,dry,건조하다,Missing
Petal,State_Expression,precious,귀하다,Missing
Petal,State_Expression,hard,단단하다,Missing
Petal,State_Expression,soft,부드러워,Missing
Petal,State_Expression,blocky,뭉툭하다,Missing
Petal,State_Expression,not_enough,부족하다,Missing
Petal,State_Expression,opaque,불투명하다,Missing
Petal,State_Expression,similar,비슷하다,Missing
Petal,State_Expression,bumpy,울퉁불퉁하다,Missing
Petal,State_Expression,dangerous,위험하다,Missing
Petal,State_Expression,strange,이상하다,Missing
Petal,State_Expression,it_s_thick,진하다,Missing
Petal,State_Expression,salty,짭짤하다,Missing
Petal,State_Expression,moist,촉촉하다,Missing
Petal,State_Expression,wet,젖다,Missing
Petal,State_Expression,enough,충분하다,Missing
Petal,State_Expression,empty,텅비다,Missing
Petal,State_Expression,transparent,투명하다,Missing
Petal,State_Expression,sturdy,튼튼하다,Missing
Petal,State_Expression,wrong,잘못,Missing
Petal,State_Expression,flat,평평하다,Missing
Petal,State_Expression,fluffy,폭신하다,Missing
Petal,State_Expression,fragrant,향기롭다,Missing
Petal,State_Expression,common,흔하다,Missing
Petal,Numbers_Units,half,반,Missing
Petal,Numbers_Units,third,셋째,Missing
Petal,Numbers_Units,first,첫째,Missing
Petal,Numbers_Units,slightly,약간,Missing
Petal,Numbers_Units,a_lot,잔뜩,Missing
Petal,Numbers_Units,only,만,Missing
Petal,Numbers_Units,back,백,Missing
Petal,Numbers_Units,thirty,서른,Missing
Petal,Numbers_Units,fifty,쉰,Missing
Petal,Numbers_Units,twenty,스물,Missing
Petal,Numbers_Units,ninety,아흔,Missing
Petal,Numbers_Units,eighty,여든,Missing
Petal,Numbers_Units,sixty,예순,Missing
Petal,Numbers_Units,seventy,일흔,Missing
Petal,Numbers_Units,fundraising,모금,Missing
Petal,Numbers_Units,bundle,묶음,Missing
Petal,Numbers_Units,drops,방울,Missing
Petal,Numbers_Units,al,알,Missing
Petal,Numbers_Units,sack,자루,Missing
Petal,Numbers_Units,chae,채,Missing
Petal,Numbers_Units,give_up,포기,Missing
Petal,Numbers_Units,a_pair,한쌍,Missing
Petal,Time,thursday,목요일,Missing
Petal,Time,wednesday,수요일,Missing
Petal,Time,this_year,올해,Missing
Petal,Time,monday,월요일,Missing
Petal,Time,sunday,일요일,Missing
Petal,Time,last_year,작년,Missing
Petal,Time,saturday,토요일,Missing
Petal,Time,weekdays,평일,Missing
Petal,Time,tuesday,화요일,Missing
Petal,Time,in_advance,미리,Missing
Petal,Time,just_now,방금,Missing
Petal,Time,already,벌써,Missing
Petal,Time,yet,아직,Missing
Petal,Time,forever,영원히,Missing
Petal,Time,wait_a_minute,잠깐,Missing
Petal,Body,pupils,눈동자,Missing
Petal,Body,heel,뒤꿈치,Missing
Petal,Body,hiccups,딸꾹질,Missing
Petal,Body,pulse,맥박,Missing
Petal,Body,uvula,목젖,Missing
Petal,Body,instep,발등,Missing
Petal,Body,soles_of_feet,발바닥,Missing
Petal,Body,back_of_hand,손등,Missing
Petal,Body,palm,손바닥,Missing
Petal,Body,gums,잇몸,Missing
Petal,Body,calf,종아리,Missing
Petal,Body,burp,트림,Missing
Petal,Body,veins,핏줄,Missing
Petal,Body,yawn,하품,Missing
Petal,Body,lungs,허파,Missing
Petal,Safety_Medical,disinfect,소독하다,Missing
Petal,Safety_Medical,operate,수술하다,Missing
Petal,Safety_Medical,be_hospitalized,입원하다,Missing
Petal,Safety_Medical,cure,치료하다,Missing
Petal,Safety_Medical,discharge_from_hospital,퇴원하다,Missing
Petal,Safety_Medical,bloom,피나다,Missing
Petal,Safety_Medical,lens,렌즈,Missing
Petal,Safety_Medical,potion,물약,Missing
Petal,Safety_Medical,band_aid,반창고,Missing
Petal,Safety_Medical,bandage,붕대,Missing
Petal,Safety_Medical,hurt,상처,Missing
Petal,Safety_Medical,injection,주사,Missing
Petal,Safety_Medical,prescription,처방전,Missing
Petal,Safety_Medical,body_temperature,체온,Missing
Petal,Safety_Medical,thermometer,체온계,Missing
Petal,Safety_Medical,crosswalk,횡단보도,Missing
Petal,Safety_Medical,wheelchair,휠체어,Missing
Petal,Safety_Medical,scar,흉터,Missing
Petal,Accessories,straw_hat,밀짚모자,Missing
Petal,Accessories,beoseon,버선,Missing
Petal,Accessories,belt,혁대,Missing
Petal,Accessories,stockings,스타킹,Missing
Petal,Accessories,tights,타이츠,Missing
Petal,Accessories,helmet,헬멧,Missing
Petal,Hygiene_Cleaning,brush_one_s_teeth,양치하다,Missing
Petal,Hygiene_Cleaning,doze_off,졸다,Missing
Petal,Hygiene_Cleaning,lick,핥다,Missing
Petal,Hygiene_Cleaning,basin,대야,Missing
Petal,Hygiene_Cleaning,when,때,Missing
Petal,Hygiene_Cleaning,duster,먼지떨이,Missing
Petal,Hygiene_Cleaning,faucet,수도꼭지,Missing
Petal,Hygiene_Cleaning,bathtub,욕조,Missing
Petal,Location_Direction,corner,모서리,Missing
Petal,Location_Direction,top,꼭대기,Missing
Petal,Location_Direction,south,남쪽,Missing
Petal,Location_Direction,east,동쪽,Missing
Petal,Location_Direction,opposite,맞은편,Missing
Petal,Location_Direction,bottom,밑바닥,Missing
Petal,Location_Direction,the_other_side,반대편,Missing
Petal,Location_Direction,north,북쪽,Missing
Petal,Location_Direction,west,서쪽,Missing
Petal,Location_Direction,inside,속,Missing
Petal,Location_Direction,inside_and_outside,안팎,Missing
Petal,Location_Direction,front,정면,Missing
Petal,Location_Direction,side,측면,Missing
Petal,Location_Direction,rear,후면,Missing
Petal,Location_Direction,depth,깊이,Missing
Petal,Food,bake,굽다,Missing
Petal,Food,boil,끓이다,Missing
Petal,Food,mince,다지다,Missing
Petal,Food,apply,바르다,Missing
Petal,Food,stir_fry,볶다,Missing
Petal,Food,cut,썰다,Missing
Petal,Food,steam,찌다,Missing
Petal,Food,fry,튀기다,Missing
Petal,Food,powder,가루,Missing
Petal,Food,mustard,머스타드,Missing
Petal,Food,flour,밀가루,Missing
Petal,Food,dough,반죽,Missing
Petal,Food,material,재료,Missing
Petal,Food,sweet_and_sour_pork,탕수육,Missing
Petal,Food,fried_food,튀김,Missing
Petal,Food,popcorn,팝콘,Missing
Petal,Food,hot_dog,핫도그,Missing
Petal,Food,hot_chocolate,핫초코,Missing
Petal,Food,hotteok,호떡,Missing
Petal,Food,pepper,후추,Missing
Petal,Food,bitter,떫다,Missing
Petal,Food,spoiled,상하다,Missing
Petal,Food,fresh,신선하다,Missing
Petal,Food,write,쓰다,Missing
Petal,Clothes,fill,채우다,Missing
Petal,Clothes,blouse,블라우스,Missing
Petal,Clothes,raincoat,비옷,Missing
Petal,Clothes,underwear,속옷,Missing
Petal,Clothes,dress_shirt,와이셔츠,Missing
Petal,Clothes,coat,외투,Missing
Petal,Clothes,suit,정장,Missing
Petal,Clothes,squeak,찍찍이,Missing
Petal,Clothes,jeans,청바지,Missing
Petal,Clothes,padding,패딩,Missing
Petal,Cognition_Interaction,refuse,거절하다,Missing
Petal,Cognition_Interaction,continue,계속하다,Missing
Petal,Cognition_Interaction,plan,계획하다,Missing
Petal,Cognition_Interaction,distinguish,구별하다,Missing
Petal,Cognition_Interaction,forget,까먹다,Missing
Petal,Cognition_Interaction,finish,끝내다,Missing
Petal,Cognition_Interaction,share,나누다,Missing
Petal,Cognition_Interaction,challenge,도전하다,Missing
Petal,Cognition_Interaction,review,복습하다,Missing
Petal,Cognition_Interaction,please,부탁하다,Missing
Petal,Cognition_Interaction,compare,비교하다,Missing
Petal,Cognition_Interaction,draw,비기다,Missing
Petal,Cognition_Interaction,choose,선택하다,Missing
Petal,Cognition_Interaction,explain,설명하다,Missing
Petal,Cognition_Interaction,succeed,성공하다,Missing
Petal,Cognition_Interaction,start,시작하다,Missing
Petal,Cognition_Interaction,fail,실패하다,Missing
Petal,Cognition_Interaction,yield,양보하다,Missing
Petal,Cognition_Interaction,practice,연습하다,Missing
Petal,Cognition_Interaction,predict,예상하다,Missing
Petal,Cognition_Interaction,win,이기다,Missing
Petal,Cognition_Interaction,assert,주장하다,Missing
Petal,Cognition_Interaction,prepare,준비하다,Missing
Petal,Cognition_Interaction,lose,지다,Missing
Petal,Cognition_Interaction,guess,추측하다,Missing
Petal,Cognition_Interaction,praise,칭찬,Missing
Petal,Cognition_Interaction,vomit,토하다,Missing
Petal,Cognition_Interaction,burp,트림,Missing
Petal,Cognition_Interaction,give_up,포기,Missing
Petal,Cognition_Interaction,yawn,하품,Missing
Petal,Cognition_Interaction,allow,허락하다,Missing
Petal,Cognition_Interaction,scold,꾸중,Missing
Petal,Cognition_Interaction,reconcile,화해하다,Missing
Petal,Cognition_Interaction,confirm,확인하다,Missing
Petal,Cognition_Interaction,consideration,배려,Missing
Petal,Cognition_Interaction,conscience,양심,Missing
Petal,Cognition_Interaction,courtesy,예의,Missing
Petal,Cognition_Interaction,forgiveness,용서,Missing
Petal,Cognition_Interaction,cheering,응원,Missing
Petal,Cognition_Interaction,truth,진실,Missing
Petal,Cognition_Interaction,order,질서,Missing
Petal,Cognition_Interaction,cooperation,협동,Missing
Petal,Cognition_Interaction,reconciliation,화해,Missing
Petal,Cognition_Interaction,alone,혼자,Missing
Petal,Nature_Environment,air,공기,Missing
Petal,Nature_Environment,shell,껍질,Missing
Petal,Nature_Environment,pollen,꽃가루,Missing
Petal,Nature_Environment,acorn,도토리,Missing
Petal,Nature_Environment,black_hole,블랙홀,Missing
Petal,Nature_Environment,oxygen,산소,Missing
Petal,Nature_Environment,pine_cone,솔방울,Missing
Petal,Nature_Environment,surgery,수술,Missing
Petal,Nature_Environment,pistil,암술,Missing
Petal,Nature_Environment,fruit,열매,Missing
Petal,Nature_Environment,milky_way,은하수,Missing
Petal,Nature_Environment,satellite,인공위성,Missing
Petal,Nature_Environment,environment,환경,Missing
Petal,Toys_Play,picture,그림,Missing
Petal,Toys_Play,song,노래,Missing
Petal,Toys_Play,running,달리기,Missing
Petal,Toys_Play,sand_beach,모래장,Missing
Petal,Toys_Play,playing_tag,술래잡기,Missing
Petal,Toys_Play,hide_and_seek,숨바꼭질,Missing
Petal,Toys_Play,jump_rope,줄넘기,Missing
Petal,Toys_Play,gymnastics,체조,Missing
Petal,Toys_Play,dance,춤,Missing
Petal,Toys_Play,top,꼭대기,Missing
Petal,Places,highway,고속도로,Missing
Petal,Places,alley,골목,Missing
Petal,Places,performance_hall,공연장,Missing
Petal,Places,airport,공항,Missing
Petal,Places,science_museum,과학관,Missing
Petal,Places,train_station,기차역,Missing
Petal,Places,ticket_office,매표소,Missing
Petal,Places,bus_stop,버스정류장,Missing
Petal,Places,court,법원,Missing
Petal,Places,public_health_center,보건소,Missing
Petal,Places,city_hall,시청,Missing
Petal,Places,overpass,육교,Missing
Petal,Places,stop,정류장,Missing
Petal,Places,community_center,주민센터,Missing
Petal,Places,gas_station,주유소,Missing
Petal,Places,parking_lot,주차장,Missing
Petal,Places,underpass,지하도,Missing
Petal,Places,subway_station,지하철역,Missing
Petal,Places,tunnel,터널,Missing
Petal,Places,port,항구,Missing
Petal,Kitchenware,soup_bowl,국그릇,Missing
Petal,Kitchenware,rice_bowl,밥그릇,Missing
Petal,Kitchenware,knife,칼,Missing
Petal,Kitchenware,dishcloth,행주,Missing
Petal,Kitchenware,frying_pan,후라이팬,Missing
Petal,Jobs,inventor,발명가,Missing
Petal,Jobs,lawyer,변호사,Missing
Petal,Jobs,captain,선장,Missing
Petal,Jobs,flight_attendant,승무원,Missing
Petal,Jobs,pharmacist,약사,Missing
Petal,Jobs,writer,작가,Missing
Petal,Jobs,mechanic,정비사,Missing
Petal,Jobs,judge,판사,Missing
Petal,House_Structure,living_room,거실,Missing
Petal,House_Structure,stairs,계단,Missing
Petal,House_Structure,pillar,기둥,Missing
Petal,House_Structure,utility_room,다용도실,Missing
Petal,House_Structure,main_gate,대문,Missing
Petal,House_Structure,door_lock,도어락,Missing
Petal,House_Structure,yard,마당,Missing
Petal,House_Structure,floor,바닥,Missing
Petal,House_Structure,balcony,발코니,Missing
Petal,House_Structure,visit,방문,Missing
Petal,House_Structure,veranda,베란다,Missing
Petal,House_Structure,wall,벽,Missing
Petal,House_Structure,hallway,복도,Missing
Petal,House_Structure,kitchen,부엌,Missing
Petal,House_Structure,handle,손잡이,Missing
Petal,House_Structure,master_bedroom,안방,Missing
Petal,House_Structure,escalator,에스컬레이터,Missing
Petal,House_Structure,elevator,엘리베이터,Missing
Petal,House_Structure,rooftop,옥상,Missing
Petal,House_Structure,bathroom,욕실,Missing
Petal,House_Structure,glass_window,유리창,Missing
Petal,House_Structure,garden,정원,Missing
Petal,House_Structure,roof,지붕,Missing
Petal,House_Structure,basement,지하실,Missing
Petal,House_Structure,warehouse,창고,Missing
Petal,House_Structure,ceiling,천장,Missing
Petal,House_Structure,doorbell,초인종,Missing
Petal,House_Structure,front_door,현관문,Missing
Petal,House_Structure,toilet,화장실,Missing
Petal,Abstract_Concepts,anger,분노,Missing
Petal,Abstract_Concepts,sadness,슬픔,Missing
Petal,Abstract_Concepts,mistake,실수,Missing
Petal,Abstract_Concepts,courage,용기,Missing
Petal,Abstract_Concepts,friendship,우정,Missing
Petal,Abstract_Concepts,polite_words,존댓말,Missing
Petal,Abstract_Concepts,respect,존중,Missing
Petal,Abstract_Concepts,peace,평화,Missing
Petal,Abstract_Concepts,happiness,행복,Missing
Petal,Abstract_Concepts,luck,행운,Missing
Petal,Abstract_Concepts,hope,희망,Missing
Petal,Vehicles,tricycle,세발자전거,Missing
Petal,Vehicles,city_bus,시내버스,Missing
Petal,Vehicles,snowplow,제설차,Missing
Petal,Vehicles,forklift,지게차,Missing
Petal,Vehicles,subway,지하철,Missing
Petal,Vehicles,sweeper,청소차,Missing
Petal,Vehicles,kickboard,킥보드,Missing
Petal,Vehicles,delivery_car,택배차,Missing
Petal,Vehicles,tractor,트랙터,Missing
Petal,School_Learning,auditorium,강당,Missing
Petal,School_Learning,notebook,공책,Missing
Petal,School_Learning,textbook,교과서,Missing
Petal,School_Learning,classroom,교실,Missing
Petal,School_Learning,letters,글자,Missing
Petal,School_Learning,cafeteria,급식실,Missing
Petal,School_Learning,word,단어,Missing
Petal,School_Learning,answer,대답,Missing
Petal,School_Learning,addition,덧셈,Missing
Petal,School_Learning,children_s_book,동화책,Missing
Petal,School_Learning,sentence,문장,Missing
Petal,School_Learning,announcement,발표,Missing
Petal,School_Learning,ballpoint_pen,볼펜,Missing
Petal,School_Learning,chalk,분필,Missing
Petal,School_Learning,subtraction,뺄셈,Missing
Petal,School_Learning,locker,사물함,Missing
Petal,School_Learning,marker_pen,사인펜,Missing
Petal,School_Learning,dictionary,사전,Missing
Petal,School_Learning,grades,성적,Missing
Petal,School_Learning,homework,숙제,Missing
Petal,School_Learning,numbers,숫자,Missing
Petal,School_Learning,test,시험,Missing
Petal,School_Learning,wrong_answer,오답,Missing
Petal,School_Learning,great_people_exhibition,위인전,Missing
Petal,School_Learning,correct_answer,정답,Missing
Petal,School_Learning,question,질문,Missing
Petal,School_Learning,blackboard,칠판,Missing
Petal,School_Learning,highlighter,형광펜,Missing
Petal,Action_Behavior,bend,구부리다,Missing
Petal,Action_Behavior,roll,굴리다,Missing
Petal,Action_Behavior,lean_on,기대다,Missing
Petal,Action_Behavior,twist,꼬다,Missing
Petal,Action_Behavior,break_down,망가뜨리다,Missing
Petal,Action_Behavior,hang_on,매달리다,Missing
Petal,Action_Behavior,collect,모으다,Missing
Petal,Action_Behavior,rub,문지르다,Missing
Petal,Action_Behavior,slip,미끄러지다,Missing
Petal,Action_Behavior,throw_away,버리다,Missing
Petal,Action_Behavior,pour,붓다,Missing
Petal,Action_Behavior,stretch,뻗다,Missing
Petal,Action_Behavior,hide,감추다,Missing
Petal,Action_Behavior,breathe,숨쉬다,Missing
Petal,Action_Behavior,sweep,쓸다,Missing
Petal,Action_Behavior,hug,안아주다,Missing
Petal,Action_Behavior,lie_down,엎드리다,Missing
Petal,Action_Behavior,weave,엮다,Missing
Petal,Action_Behavior,peek,엿보다,Missing
Petal,Action_Behavior,climb,오르다,Missing
Petal,Action_Behavior,crouch,웅크리다,Missing
Petal,Action_Behavior,lose,지다,Missing
Petal,Action_Behavior,lock,잠그다,Missing
Petal,Action_Behavior,stir,젓다,Missing
Petal,Action_Behavior,tidy_up,정리하다,Missing
Petal,Action_Behavior,wet,젖다,Missing
Petal,Action_Behavior,assemble,조립하다,Missing
Petal,Action_Behavior,cold,차다,Missing
Petal,Action_Behavior,look_at,쳐다보다,Missing
Petal,Action_Behavior,hit,치다,Missing
Petal,Action_Behavior,clean_up,치우다,Missing
Petal,Action_Behavior,shake_off,털다,Missing
Petal,Action_Behavior,bounce,튕기다,Missing
Petal,Action_Behavior,gasp,헐떡이다,Missing
Petal,Action_Behavior,swim,헤엄치다,Missing
Petal,Action_Behavior,shake,흔들다,Missing
Petal,Action_Behavior,shed,흘리다,Missing
